app_name,rating,rank,bigram,count
Candy%20Crush%20Saga,,1,strategy core,100
Candy%20Crush%20Saga,,2,great like,100
Candy%20Crush%20Saga,,3,pay win,100
Candy%20Crush%20Saga,,4,alrdy dk,100
Candy%20Crush%20Saga,,5,game new,100
Candy%20Crush%20Saga,,6,add another,100
Candy%20Crush%20Saga,,7,hit continue,100
Candy%20Crush%20Saga,,8,look great,100
Candy%20Crush%20Saga,,9,game fairness,100
Candy%20Crush%20Saga,,10,unfair punishes,100
Candy%20Crush%20Saga,1.0,1,next level,3100
Candy%20Crush%20Saga,1.0,2,every level,2000
Candy%20Crush%20Saga,1.0,3,gold bars,1900
Candy%20Crush%20Saga,1.0,4,level game,1600
Candy%20Crush%20Saga,1.0,5,playing game,1500
Candy%20Crush%20Saga,1.0,6,worst game,1400
Candy%20Crush%20Saga,1.0,7,complete level,1300
Candy%20Crush%20Saga,1.0,8,spend money,1200
Candy%20Crush%20Saga,1.0,9,pass levels,1200
Candy%20Crush%20Saga,1.0,10,game ever,1100
Candy%20Crush%20Saga,2.0,1,next level,1400
Candy%20Crush%20Saga,2.0,2,gold bars,1000
Candy%20Crush%20Saga,2.0,3,nice game,700
Candy%20Crush%20Saga,2.0,4,good game,500
Candy%20Crush%20Saga,2.0,5,playing game,500
Candy%20Crush%20Saga,2.0,6,level game,400
Candy%20Crush%20Saga,2.0,7,continue playing,400
Candy%20Crush%20Saga,2.0,8,love game,400
Candy%20Crush%20Saga,2.0,9,level without,400
Candy%20Crush%20Saga,2.0,10,restart game,400
Candy%20Crush%20Saga,3.0,1,good game,2200
Candy%20Crush%20Saga,3.0,2,nice game,1800
Candy%20Crush%20Saga,3.0,3,next level,700
Candy%20Crush%20Saga,3.0,4,love game,700
Candy%20Crush%20Saga,3.0,5,playing game,600
Candy%20Crush%20Saga,3.0,6,pass level,500
Candy%20Crush%20Saga,3.0,7,like game,500
Candy%20Crush%20Saga,3.0,8,pop ups,500
Candy%20Crush%20Saga,3.0,9,game ever,400
Candy%20Crush%20Saga,3.0,10,extra moves,400
Candy%20Crush%20Saga,4.0,1,good game,6400
Candy%20Crush%20Saga,4.0,2,nice game,5300
Candy%20Crush%20Saga,4.0,3,fun game,1900
Candy%20Crush%20Saga,4.0,4,great game,1800
Candy%20Crush%20Saga,4.0,5,best game,1800
Candy%20Crush%20Saga,4.0,6,playing game,1700
Candy%20Crush%20Saga,4.0,7,love game,1600
Candy%20Crush%20Saga,4.0,8,like game,1100
Candy%20Crush%20Saga,4.0,9,next level,800
Candy%20Crush%20Saga,4.0,10,game good,700
Candy%20Crush%20Saga,5.0,1,good game,47600
Candy%20Crush%20Saga,5.0,2,nice game,39300
Candy%20Crush%20Saga,5.0,3,love game,26900
Candy%20Crush%20Saga,5.0,4,best game,26900
Candy%20Crush%20Saga,5.0,5,great game,15800
Candy%20Crush%20Saga,5.0,6,game ever,10500
Candy%20Crush%20Saga,5.0,7,fun game,10000
Candy%20Crush%20Saga,5.0,8,amazing game,6900
Candy%20Crush%20Saga,5.0,9,like game,6000
Candy%20Crush%20Saga,5.0,10,game fun,5500
Dropbox,,1,ve moved,700
Dropbox,,2,moved around,700
Dropbox,,3,free trial,600
Dropbox,,4,offline files,400
Dropbox,,5,doesn work,400
Dropbox,,6,around ve,400
Dropbox,,7,waiting upload,300
Dropbox,,8,access files,300
Dropbox,,9,easy access,300
Dropbox,,10,invite friends,200
Dropbox,1.0,1,free trial,10400
Dropbox,1.0,2,cancel subscription,10400
Dropbox,1.0,3,doesn work,5600
Dropbox,1.0,4,customer service,5600
Dropbox,1.0,5,won let,4600
Dropbox,1.0,6,gb free,3300
Dropbox,1.0,7,impossible cancel,3200
Dropbox,1.0,8,cloud storage,2900
Dropbox,1.0,9,cancel free,2600
Dropbox,1.0,10,free storage,2300
Dropbox,2.0,1,doesn work,900
Dropbox,2.0,2,cloud storage,800
Dropbox,2.0,3,gb free,800
Dropbox,2.0,4,free trial,700
Dropbox,2.0,5,free storage,700
Dropbox,2.0,6,storage space,600
Dropbox,2.0,7,doesn show,500
Dropbox,2.0,8,progress bar,500
Dropbox,2.0,9,paid subscription,500
Dropbox,2.0,10,large files,400
Dropbox,3.0,1,cloud storage,800
Dropbox,3.0,2,photos videos,700
Dropbox,3.0,3,files folder,600
Dropbox,3.0,4,access files,400
Dropbox,3.0,5,free storage,400
Dropbox,3.0,6,storage space,400
Dropbox,3.0,7,pictures videos,400
Dropbox,3.0,8,pictures folder,300
Dropbox,3.0,9,share link,300
Dropbox,3.0,10,gb storage,300
Dropbox,4.0,1,cloud storage,1000
Dropbox,4.0,2,free storage,700
Dropbox,4.0,3,go go,500
Dropbox,4.0,4,highly recommend,400
Dropbox,4.0,5,good like,400
Dropbox,4.0,6,best cloud,400
Dropbox,4.0,7,gb free,300
Dropbox,4.0,8,free plan,300
Dropbox,4.0,9,secure browsers,300
Dropbox,4.0,10,photos videos,300
Dropbox,5.0,1,cloud storage,5400
Dropbox,5.0,2,best ever,2800
Dropbox,5.0,3,photos videos,2300
Dropbox,5.0,4,great storage,2300
Dropbox,5.0,5,best cloud,2200
Dropbox,5.0,6,storage space,1700
Dropbox,5.0,7,important documents,1500
Dropbox,5.0,8,good storage,1500
Dropbox,5.0,9,across devices,1500
Dropbox,5.0,10,highly recommend,1500
Facebook,,1,team m,300
Facebook,,2,dear team,300
Facebook,,3,friends family,200
Facebook,,4,change password,200
Facebook,,5,hello team,200
Facebook,,6,happening locally,100
Facebook,,7,newest huge,100
Facebook,,8,good like,100
Facebook,,9,innovation pushed,100
Facebook,,10,privacy risk,100
Facebook,1.0,1,won let,1900
Facebook,1.0,2,social media,1500
Facebook,1.0,3,community standards,1400
Facebook,1.0,4,didn anything,1200
Facebook,1.0,5,worst ever,1000
Facebook,1.0,6,without reason,1000
Facebook,1.0,7,disabled reason,900
Facebook,1.0,8,session expired,900
Facebook,1.0,9,market place,900
Facebook,1.0,10,professional mode,900
Facebook,2.0,1,social media,400
Facebook,2.0,2,community standards,400
Facebook,2.0,3,professional mode,400
Facebook,2.0,4,see memories,400
Facebook,2.0,5,disabled suspended,300
Facebook,2.0,6,friend request,300
Facebook,2.0,7,different ad,300
Facebook,2.0,8,human beings,200
Facebook,2.0,9,check status,200
Facebook,2.0,10,copy paste,200
Facebook,3.0,1,professional mode,500
Facebook,3.0,2,won let,300
Facebook,3.0,3,content monetization,300
Facebook,3.0,4,mode showing,300
Facebook,3.0,5,market place,300
Facebook,3.0,6,dark mode,200
Facebook,3.0,7,sim card,200
Facebook,3.0,8,monetization tool,200
Facebook,3.0,9,xu ng,200
Facebook,3.0,10,doesn show,200
Facebook,4.0,1,social media,700
Facebook,4.0,2,great platform,500
Facebook,4.0,3,best social,400
Facebook,4.0,4,family friends,400
Facebook,4.0,5,friends family,400
Facebook,4.0,6,good like,300
Facebook,4.0,7,see memories,300
Facebook,4.0,8,great experience,300
Facebook,4.0,9,good social,300
Facebook,4.0,10,connect people,300
Facebook,5.0,1,social media,6700
Facebook,5.0,2,best social,3600
Facebook,5.0,3,friends family,2600
Facebook,5.0,4,good job,2400
Facebook,5.0,5,family friends,2200
Facebook,5.0,6,face book,2000
Facebook,5.0,7,best ever,1600
Facebook,5.0,8,good service,1400
Facebook,5.0,9,great platform,1400
Facebook,5.0,10,good work,1300
Facebook%20Lite,,1,issues informed,100
Facebook%20Lite,,2,old basic,100
Facebook%20Lite,,3,search bar,100
Facebook%20Lite,,4,results coming,100
Facebook%20Lite,,5,like raise,100
Facebook%20Lite,,6,chat keeps,100
Facebook%20Lite,,7,relevant junk,100
Facebook%20Lite,,8,send connected,100
Facebook%20Lite,,9,downloaded chat,100
Facebook%20Lite,,10,people interact,100
Facebook%20Lite,1.0,1,something went,900
Facebook%20Lite,1.0,2,send messages,900
Facebook%20Lite,1.0,3,didn anything,800
Facebook%20Lite,1.0,4,went wrong,800
Facebook%20Lite,1.0,5,couldn send,800
Facebook%20Lite,1.0,6,suspended reason,800
Facebook%20Lite,1.0,7,disabled without,700
Facebook%20Lite,1.0,8,access messages,700
Facebook%20Lite,1.0,9,community standards,700
Facebook%20Lite,1.0,10,without reason,700
Facebook%20Lite,2.0,1,free mb,300
Facebook%20Lite,2.0,2,keeps showing,200
Facebook%20Lite,2.0,3,playing m,200
Facebook%20Lite,2.0,4,reply messages,200
Facebook%20Lite,2.0,5,watch video,200
Facebook%20Lite,2.0,6,sometimes messages,200
Facebook%20Lite,2.0,7,free mode,200
Facebook%20Lite,2.0,8,half shows,200
Facebook%20Lite,2.0,9,bigla bigla,200
Facebook%20Lite,2.0,10,messages won,200
Facebook%20Lite,3.0,1,social media,300
Facebook%20Lite,3.0,2,good experience,300
Facebook%20Lite,3.0,3,community standards,200
Facebook%20Lite,3.0,4,pero minsan,200
Facebook%20Lite,3.0,5,create new,200
Facebook%20Lite,3.0,6,ntombizamandela thikani,200
Facebook%20Lite,3.0,7,enable feature,200
Facebook%20Lite,3.0,8,ang free,200
Facebook%20Lite,3.0,9,ng matagal,200
Facebook%20Lite,3.0,10,add friends,200
Facebook%20Lite,4.0,1,social media,500
Facebook%20Lite,4.0,2,good job,400
Facebook%20Lite,4.0,3,great experience,300
Facebook%20Lite,4.0,4,best ever,300
Facebook%20Lite,4.0,5,face book,300
Facebook%20Lite,4.0,6,good bad,300
Facebook%20Lite,4.0,7,super amazing,200
Facebook%20Lite,4.0,8,good overall,200
Facebook%20Lite,4.0,9,keep good,200
Facebook%20Lite,4.0,10,around world,200
Facebook%20Lite,5.0,1,best ever,4000
Facebook%20Lite,5.0,2,social media,3000
Facebook%20Lite,5.0,3,good job,1800
Facebook%20Lite,5.0,4,best social,1500
Facebook%20Lite,5.0,5,good service,1400
Facebook%20Lite,5.0,6,good nice,1400
Facebook%20Lite,5.0,7,good luck,1300
Facebook%20Lite,5.0,8,good fast,1200
Facebook%20Lite,5.0,9,nice good,1200
Facebook%20Lite,5.0,10,good work,1200
Facebook%20Messenger,,1,search conversation,400
Facebook%20Messenger,,2,doesn work,300
Facebook%20Messenger,,3,waiting network,300
Facebook%20Messenger,,4,send messages,200
Facebook%20Messenger,,5,read messages,200
Facebook%20Messenger,,6,green dot,200
Facebook%20Messenger,,7,keeps saying,200
Facebook%20Messenger,,8,session expired,200
Facebook%20Messenger,,9,stuck sending,200
Facebook%20Messenger,,10,work anymore,200
Facebook%20Messenger,1.0,1,end end,4400
Facebook%20Messenger,1.0,2,keeps crashing,3900
Facebook%20Messenger,1.0,3,end encryption,2600
Facebook%20Messenger,1.0,4,doesn work,2400
Facebook%20Messenger,1.0,5,send messages,2100
Facebook%20Messenger,1.0,6,session expired,1700
Facebook%20Messenger,1.0,7,video call,1700
Facebook%20Messenger,1.0,8,won let,1700
Facebook%20Messenger,1.0,9,read messages,1300
Facebook%20Messenger,1.0,10,active status,1300
Facebook%20Messenger,2.0,1,keeps crashing,700
Facebook%20Messenger,2.0,2,see friends,500
Facebook%20Messenger,2.0,3,send messages,500
Facebook%20Messenger,2.0,4,friends family,500
Facebook%20Messenger,2.0,5,end end,400
Facebook%20Messenger,2.0,6,messages already,400
Facebook%20Messenger,2.0,7,sometimes send,400
Facebook%20Messenger,2.0,8,receive messages,400
Facebook%20Messenger,2.0,9,session expired,400
Facebook%20Messenger,2.0,10,already read,400
Facebook%20Messenger,3.0,1,active status,1100
Facebook%20Messenger,3.0,2,video call,600
Facebook%20Messenger,3.0,3,chat heads,500
Facebook%20Messenger,3.0,4,keeps crashing,400
Facebook%20Messenger,3.0,5,doesn work,400
Facebook%20Messenger,3.0,6,good quality,400
Facebook%20Messenger,3.0,7,see active,400
Facebook%20Messenger,3.0,8,last seen,300
Facebook%20Messenger,3.0,9,pretty good,300
Facebook%20Messenger,3.0,10,video quality,300
Facebook%20Messenger,4.0,1,good quality,1000
Facebook%20Messenger,4.0,2,family friends,900
Facebook%20Messenger,4.0,3,good call,700
Facebook%20Messenger,4.0,4,call good,600
Facebook%20Messenger,4.0,5,good service,500
Facebook%20Messenger,4.0,6,pretty good,500
Facebook%20Messenger,4.0,7,video call,500
Facebook%20Messenger,4.0,8,good enough,500
Facebook%20Messenger,4.0,9,chat bubbles,500
Facebook%20Messenger,4.0,10,overall good,400
Facebook%20Messenger,5.0,1,video call,5300
Facebook%20Messenger,5.0,2,good quality,3700
Facebook%20Messenger,5.0,3,friends family,2900
Facebook%20Messenger,5.0,4,good service,1900
Facebook%20Messenger,5.0,5,family friends,1800
Facebook%20Messenger,5.0,6,good good,1500
Facebook%20Messenger,5.0,7,keep touch,1500
Facebook%20Messenger,5.0,8,video calls,1400
Facebook%20Messenger,5.0,9,good job,1300
Facebook%20Messenger,5.0,10,great quality,1300
Flipboard,,1,show less,1000
Flipboard,,2,less like,700
Flipboard,,3,view web,500
Flipboard,,4,news articles,400
Flipboard,,5,news feed,400
Flipboard,,6,doesn work,400
Flipboard,,7,reading articles,400
Flipboard,,8,left wing,300
Flipboard,,9,original review,300
Flipboard,,10,real news,300
Flipboard,1.0,1,fake news,4100
Flipboard,1.0,2,doesn work,3500
Flipboard,1.0,3,read article,3100
Flipboard,1.0,4,read articles,2600
Flipboard,1.0,5,news articles,2600
Flipboard,1.0,6,click bait,2400
Flipboard,1.0,7,left wing,2300
Flipboard,1.0,8,pop ups,2300
Flipboard,1.0,9,reading article,2200
Flipboard,1.0,10,news sources,2200
Flipboard,2.0,1,reading article,1700
Flipboard,2.0,2,pop ups,1500
Flipboard,2.0,3,read articles,1400
Flipboard,2.0,4,view web,1100
Flipboard,2.0,5,news articles,1100
Flipboard,2.0,6,every article,1000
Flipboard,2.0,7,keeps crashing,1000
Flipboard,2.0,8,doesn work,1000
Flipboard,2.0,9,uninstalled reinstalled,900
Flipboard,2.0,10,click bait,900
Flipboard,3.0,1,good news,1000
Flipboard,3.0,2,reading article,900
Flipboard,3.0,3,read articles,800
Flipboard,3.0,4,keeps crashing,700
Flipboard,3.0,5,pop ups,600
Flipboard,3.0,6,reading news,600
Flipboard,3.0,7,middle reading,600
Flipboard,3.0,8,click bait,600
Flipboard,3.0,9,news feed,600
Flipboard,3.0,10,best news,500
Flipboard,4.0,1,good news,1300
Flipboard,4.0,2,great news,1200
Flipboard,4.0,3,dark mode,1100
Flipboard,4.0,4,pretty good,800
Flipboard,4.0,5,news sources,800
Flipboard,4.0,6,read articles,700
Flipboard,4.0,7,wide variety,600
Flipboard,4.0,8,news stories,600
Flipboard,4.0,9,news source,600
Flipboard,4.0,10,good information,600
Flipboard,5.0,1,best news,7100
Flipboard,5.0,2,great news,5600
Flipboard,5.0,3,around world,2600
Flipboard,5.0,4,news articles,2300
Flipboard,5.0,5,good news,2200
Flipboard,5.0,6,news sources,1900
Flipboard,5.0,7,news information,1800
Flipboard,5.0,8,date news,1700
Flipboard,5.0,9,source news,1600
Flipboard,5.0,10,interesting articles,1600
Instagram,,1,features best,200
Instagram,,2,dear team,200
Instagram,,3,ban love,200
Instagram,,4,request ban,200
Instagram,,5,course people,100
Instagram,,6,awesome devs,100
Instagram,,7,threads going,100
Instagram,,8,features like,100
Instagram,,9,whether good,100
Instagram,,10,twist thinks,100
Instagram,1.0,1,without reason,5200
Instagram,1.0,2,worst ever,2000
Instagram,1.0,3,community guidelines,1900
Instagram,1.0,4,new layout,1700
Instagram,1.0,5,incorrect password,1700
Instagram,1.0,6,soon possible,1600
Instagram,1.0,7,suspended without,1500
Instagram,1.0,8,new ui,1400
Instagram,1.0,9,disabled without,1400
Instagram,1.0,10,hate new,1400
Instagram,2.0,1,new updates,600
Instagram,2.0,2,soon possible,400
Instagram,2.0,3,ad breaks,300
Instagram,2.0,4,tamil songs,300
Instagram,2.0,5,activity bubbles,300
Instagram,2.0,6,left side,300
Instagram,2.0,7,everytime m,300
Instagram,2.0,8,recent moved,200
Instagram,2.0,9,repost button,200
Instagram,2.0,10,messages top,200
Instagram,3.0,1,social media,400
Instagram,3.0,2,suspended reason,400
Instagram,3.0,3,go live,300
Instagram,3.0,4,gets suspended,300
Instagram,3.0,5,accounts reason,300
Instagram,3.0,6,new updates,300
Instagram,3.0,7,ha ya,300
Instagram,3.0,8,dislike button,300
Instagram,3.0,9,keeps crashing,300
Instagram,3.0,10,doodle feature,200
Instagram,4.0,1,social media,700
Instagram,4.0,2,give stars,600
Instagram,4.0,3,best social,500
Instagram,4.0,4,good like,500
Instagram,4.0,5,nice aap,400
Instagram,4.0,6,good social,300
Instagram,4.0,7,home page,300
Instagram,4.0,8,soon possible,300
Instagram,4.0,9,best ever,300
Instagram,4.0,10,explore page,300
Instagram,5.0,1,social media,8500
Instagram,5.0,2,best social,4800
Instagram,5.0,3,best ever,3100
Instagram,5.0,4,good experience,2600
Instagram,5.0,5,best world,2400
Instagram,5.0,6,best aap,2400
Instagram,5.0,7,good aap,2400
Instagram,5.0,8,nice aap,2200
Instagram,5.0,9,best best,1900
Instagram,5.0,10,best platform,1900
LINE,,1,unknown error,2500
LINE,,2,error occurred,1300
LINE,,3,region doesn,1000
LINE,,4,doesn allow,1000
LINE,,5,allow adding,900
LINE,,6,adding number,900
LINE,,7,error occured,700
LINE,,8,add friends,700
LINE,,9,temporarily blocked,600
LINE,,10,verification temporarily,600
LINE,1.0,1,add friends,12100
LINE,1.0,2,customer service,9900
LINE,1.0,3,qr code,8100
LINE,1.0,4,register number,7800
LINE,1.0,5,unknown error,7400
LINE,1.0,6,doesn work,7400
LINE,1.0,7,transfer code,7000
LINE,1.0,8,temporarily blocked,5900
LINE,1.0,9,worst ever,5700
LINE,1.0,10,add number,5300
LINE,2.0,1,add friends,1400
LINE,2.0,2,qr code,1100
LINE,2.0,3,doesn work,900
LINE,2.0,4,unknown error,900
LINE,2.0,5,split bill,800
LINE,2.0,6,add number,800
LINE,2.0,7,register number,800
LINE,2.0,8,temporarily blocked,700
LINE,2.0,9,customer service,700
LINE,2.0,10,won let,700
LINE,3.0,1,add friends,600
LINE,3.0,2,add number,500
LINE,3.0,3,video call,500
LINE,3.0,4,new messages,500
LINE,3.0,5,forgot password,400
LINE,3.0,6,good like,400
LINE,3.0,7,qr code,400
LINE,3.0,8,like telegram,400
LINE,3.0,9,bring voom,300
LINE,3.0,10,dark theme,300
LINE,4.0,1,bring voom,500
LINE,4.0,2,video call,500
LINE,4.0,3,give star,300
LINE,4.0,4,customer service,300
LINE,4.0,5,contact people,300
LINE,4.0,6,like able,300
LINE,4.0,7,video calls,300
LINE,4.0,8,split bill,300
LINE,4.0,9,last seen,300
LINE,4.0,10,m sure,300
LINE,5.0,1,video calls,2100
LINE,5.0,2,friends family,1700
LINE,5.0,3,cute stickers,1600
LINE,5.0,4,voice video,1500
LINE,5.0,5,video call,1400
LINE,5.0,6,group chats,1100
LINE,5.0,7,good good,1100
LINE,5.0,8,love cute,1000
LINE,5.0,9,good work,900
LINE,5.0,10,best ever,900
Microsoft%20PowerPoint,,1,steps says,100
Microsoft%20PowerPoint,,2,group unless,100
Microsoft%20PowerPoint,,3,large though,100
Microsoft%20PowerPoint,,4,cloud storage,100
Microsoft%20PowerPoint,,5,though m,100
Microsoft%20PowerPoint,,6,basic functions,100
Microsoft%20PowerPoint,,7,frequently put,100
Microsoft%20PowerPoint,,8,show videos,100
Microsoft%20PowerPoint,,9,group multiple,100
Microsoft%20PowerPoint,,10,samsung error,100
Microsoft%20PowerPoint,1.0,1,worst ever,1800
Microsoft%20PowerPoint,1.0,2,power point,1200
Microsoft%20PowerPoint,1.0,3,worst worst,900
Microsoft%20PowerPoint,1.0,4,doesn work,800
Microsoft%20PowerPoint,1.0,5,verification code,600
Microsoft%20PowerPoint,1.0,6,creation blocked,600
Microsoft%20PowerPoint,1.0,7,worst experience,600
Microsoft%20PowerPoint,1.0,8,fare fare,600
Microsoft%20PowerPoint,1.0,9,hard work,500
Microsoft%20PowerPoint,1.0,10,doesn let,500
Microsoft%20PowerPoint,2.0,1,power point,600
Microsoft%20PowerPoint,2.0,2,doesn work,400
Microsoft%20PowerPoint,2.0,3,features like,300
Microsoft%20PowerPoint,2.0,4,edit mode,300
Microsoft%20PowerPoint,2.0,5,need pay,200
Microsoft%20PowerPoint,2.0,6,point presentation,200
Microsoft%20PowerPoint,2.0,7,pay subscription,200
Microsoft%20PowerPoint,2.0,8,like pc,200
Microsoft%20PowerPoint,2.0,9,batch pans,200
Microsoft%20PowerPoint,2.0,10,like power,200
Microsoft%20PowerPoint,3.0,1,power point,600
Microsoft%20PowerPoint,3.0,2,good presentations,500
Microsoft%20PowerPoint,3.0,3,good presentation,400
Microsoft%20PowerPoint,3.0,4,features like,300
Microsoft%20PowerPoint,3.0,5,speech feature,200
Microsoft%20PowerPoint,3.0,6,subscription based,200
Microsoft%20PowerPoint,3.0,7,able add,200
Microsoft%20PowerPoint,3.0,8,keeps shutting,200
Microsoft%20PowerPoint,3.0,9,good need,200
Microsoft%20PowerPoint,3.0,10,need pay,200
Microsoft%20PowerPoint,4.0,1,power point,1600
Microsoft%20PowerPoint,4.0,2,good presentation,900
Microsoft%20PowerPoint,4.0,3,good experience,800
Microsoft%20PowerPoint,4.0,4,good easy,600
Microsoft%20PowerPoint,4.0,5,good sometimes,500
Microsoft%20PowerPoint,4.0,6,easy work,500
Microsoft%20PowerPoint,4.0,7,nice easy,500
Microsoft%20PowerPoint,4.0,8,good work,400
Microsoft%20PowerPoint,4.0,9,morph transition,400
Microsoft%20PowerPoint,4.0,10,helps alot,300
Microsoft%20PowerPoint,5.0,1,power point,7500
Microsoft%20PowerPoint,5.0,2,good presentation,2400
Microsoft%20PowerPoint,5.0,3,best presentation,2300
Microsoft%20PowerPoint,5.0,4,good work,2200
Microsoft%20PowerPoint,5.0,5,good experience,1800
Microsoft%20PowerPoint,5.0,6,best ever,1500
Microsoft%20PowerPoint,5.0,7,easy work,1500
Microsoft%20PowerPoint,5.0,8,good easy,1400
Microsoft%20PowerPoint,5.0,9,good school,1200
Microsoft%20PowerPoint,5.0,10,nice helpful,1100
Microsoft%20Word,,1,tienes que,300
Microsoft%20Word,,2,fetching files,200
Microsoft%20Word,,3,que ser,100
Microsoft%20Word,,4,sucks never,100
Microsoft%20Word,,5,awaken suggest,100
Microsoft%20Word,,6,de incompetencia,100
Microsoft%20Word,,7,bugs refuses,100
Microsoft%20Word,,8,clara que,100
Microsoft%20Word,,9,else due,100
Microsoft%20Word,,10,suggest exactly,100
Microsoft%20Word,1.0,1,worst ever,1300
Microsoft%20Word,1.0,2,fetching files,1000
Microsoft%20Word,1.0,3,doesn work,900
Microsoft%20Word,1.0,4,bad experience,800
Microsoft%20Word,1.0,5,doesn let,700
Microsoft%20Word,1.0,6,won let,700
Microsoft%20Word,1.0,7,worst experience,600
Microsoft%20Word,1.0,8,copy paste,600
Microsoft%20Word,1.0,9,access files,500
Microsoft%20Word,1.0,10,m disappointed,500
Microsoft%20Word,2.0,1,read aloud,300
Microsoft%20Word,2.0,2,create new,300
Microsoft%20Word,2.0,3,find documents,200
Microsoft%20Word,2.0,4,lost entire,200
Microsoft%20Word,2.0,5,recent documents,200
Microsoft%20Word,2.0,6,copy paste,200
Microsoft%20Word,2.0,7,give star,200
Microsoft%20Word,2.0,8,read onedrive,200
Microsoft%20Word,2.0,9,always go,200
Microsoft%20Word,2.0,10,okay good,200
Microsoft%20Word,3.0,1,edit documents,700
Microsoft%20Word,3.0,2,convert pdf,400
Microsoft%20Word,3.0,3,good experience,300
Microsoft%20Word,3.0,4,doesn work,300
Microsoft%20Word,3.0,5,new icon,200
Microsoft%20Word,3.0,6,good better,200
Microsoft%20Word,3.0,7,left right,200
Microsoft%20Word,3.0,8,background color,200
Microsoft%20Word,3.0,9,save pdf,200
Microsoft%20Word,3.0,10,seems like,200
Microsoft%20Word,4.0,1,good work,600
Microsoft%20Word,4.0,2,makes work,500
Microsoft%20Word,4.0,3,nice easy,500
Microsoft%20Word,4.0,4,good experience,500
Microsoft%20Word,4.0,5,work easy,400
Microsoft%20Word,4.0,6,far good,400
Microsoft%20Word,4.0,7,like pc,400
Microsoft%20Word,4.0,8,star rating,400
Microsoft%20Word,4.0,9,good useful,400
Microsoft%20Word,4.0,10,job done,400
Microsoft%20Word,5.0,1,best ever,3800
Microsoft%20Word,5.0,2,good easy,2100
Microsoft%20Word,5.0,3,easy access,1500
Microsoft%20Word,5.0,4,easy work,1400
Microsoft%20Word,5.0,5,good work,1400
Microsoft%20Word,5.0,6,editing documents,1300
Microsoft%20Word,5.0,7,good experience,1200
Microsoft%20Word,5.0,8,work easy,1200
Microsoft%20Word,5.0,9,nice easy,1200
Microsoft%20Word,5.0,10,easy navigate,1100
Netflix,,1,part household,500
Netflix,,2,shows movies,400
Netflix,,3,netflix subscription,400
Netflix,,4,m part,400
Netflix,,5,playing video,400
Netflix,,6,watched list,300
Netflix,,7,home page,300
Netflix,,8,ve paid,300
Netflix,,9,earned money,300
Netflix,,10,hard earned,300
Netflix,1.0,1,doesn work,5400
Netflix,1.0,2,customer service,4600
Netflix,1.0,3,waste money,4600
Netflix,1.0,4,watch netflix,3900
Netflix,1.0,5,part household,3600
Netflix,1.0,6,streaming service,3300
Netflix,1.0,7,watch anything,3100
Netflix,1.0,8,won let,3000
Netflix,1.0,9,m paying,2900
Netflix,1.0,10,shows movies,2800
Netflix,2.0,1,tv shows,1000
Netflix,2.0,2,shows movies,900
Netflix,2.0,3,doesn work,900
Netflix,2.0,4,movies series,800
Netflix,2.0,5,watch movies,700
Netflix,2.0,6,watch movie,700
Netflix,2.0,7,movies shows,700
Netflix,2.0,8,watch netflix,700
Netflix,2.0,9,good shows,700
Netflix,2.0,10,watch anything,600
Netflix,3.0,1,love netflix,1500
Netflix,3.0,2,movies shows,1100
Netflix,3.0,3,good movies,1000
Netflix,3.0,4,netflix good,800
Netflix,3.0,5,shows movies,800
Netflix,3.0,6,picture picture,700
Netflix,3.0,7,like netflix,700
Netflix,3.0,8,netflix great,600
Netflix,3.0,9,hindi dubbed,600
Netflix,3.0,10,watch movies,600
Netflix,4.0,1,love netflix,1000
Netflix,4.0,2,movies series,800
Netflix,4.0,3,netflix good,700
Netflix,4.0,4,movies shows,600
Netflix,4.0,5,tv shows,500
Netflix,4.0,6,watching movies,500
Netflix,4.0,7,squid game,500
Netflix,4.0,8,watch netflix,500
Netflix,4.0,9,netflix great,500
Netflix,4.0,10,best streaming,400
Netflix,5.0,1,love netflix,11300
Netflix,5.0,2,movies series,4800
Netflix,5.0,3,shows movies,3800
Netflix,5.0,4,watch movies,3700
Netflix,5.0,5,movies shows,3500
Netflix,5.0,6,watching movies,3100
Netflix,5.0,7,netflix best,2900
Netflix,5.0,8,high quality,2600
Netflix,5.0,9,best ever,2500
Netflix,5.0,10,tv shows,2400
SHAREit,,1,something went,200
SHAREit,,2,coin redemption,200
SHAREit,,3,redemption system,200
SHAREit,,4,went wrong,200
SHAREit,,5,free money,100
SHAREit,,6,expected least,100
SHAREit,,7,free vouchers,100
SHAREit,,8,shop required,100
SHAREit,,9,give stars,100
SHAREit,,10,like messages,100
SHAREit,1.0,1,doesn work,2400
SHAREit,1.0,2,full ads,1200
SHAREit,1.0,3,without permission,1000
SHAREit,1.0,4,ads notifications,900
SHAREit,1.0,5,worst ever,900
SHAREit,1.0,6,bad experience,800
SHAREit,1.0,7,inappropriate ads,700
SHAREit,1.0,8,ads annoying,700
SHAREit,1.0,9,worst experience,700
SHAREit,1.0,10,shows ads,600
SHAREit,2.0,1,full ads,600
SHAREit,2.0,2,sharing files,300
SHAREit,2.0,3,ads notifications,300
SHAREit,2.0,4,spam notifications,200
SHAREit,2.0,5,trick users,200
SHAREit,2.0,6,sometimes doesn,200
SHAREit,2.0,7,doesn work,200
SHAREit,2.0,8,terrible ads,200
SHAREit,2.0,9,share sa,200
SHAREit,2.0,10,like ads,200
SHAREit,3.0,1,nn nn,500
SHAREit,3.0,2,good sharing,300
SHAREit,3.0,3,dark mode,300
SHAREit,3.0,4,best sharing,300
SHAREit,3.0,5,annoying notifications,300
SHAREit,3.0,6,ultra fast,200
SHAREit,3.0,7,friend server,200
SHAREit,3.0,8,good like,200
SHAREit,3.0,9,notifications good,200
SHAREit,3.0,10,easy transfer,200
SHAREit,4.0,1,good ads,400
SHAREit,4.0,2,good work,300
SHAREit,4.0,3,easy fast,300
SHAREit,4.0,4,good share,300
SHAREit,4.0,5,b bh,300
SHAREit,4.0,6,nice easy,300
SHAREit,4.0,7,fast easy,300
SHAREit,4.0,8,annoying ads,300
SHAREit,4.0,9,good sharing,300
SHAREit,4.0,10,far good,300
SHAREit,5.0,1,best ever,3500
SHAREit,5.0,2,transfer files,3500
SHAREit,5.0,3,fast transfer,3300
SHAREit,5.0,4,best sharing,3000
SHAREit,5.0,5,good fast,2800
SHAREit,5.0,6,fast easy,2700
SHAREit,5.0,7,easy transfer,2600
SHAREit,5.0,8,hg hg,2300
SHAREit,5.0,9,good job,2200
SHAREit,5.0,10,fast reliable,2100
Skype,,1,skype credits,300
Skype,,2,skype features,200
Skype,,3,see texts,200
Skype,,4,every single,200
Skype,,5,good replacement,200
Skype,,6,improve skype,200
Skype,,7,worked perfectly,200
Skype,,8,credits great,200
Skype,,9,big problems,100
Skype,,10,star removing,100
Skype,1.0,1,doesn work,4900
Skype,1.0,2,skype credit,3300
Skype,1.0,3,worst ever,2500
Skype,1.0,4,send messages,2200
Skype,1.0,5,skype skype,1800
Skype,1.0,6,new messages,1600
Skype,1.0,7,skype good,1600
Skype,1.0,8,extremely slow,1400
Skype,1.0,9,feels like,1400
Skype,1.0,10,monthly subscription,1300
Skype,2.0,1,doesn work,1100
Skype,2.0,2,video call,700
Skype,2.0,3,call quality,500
Skype,2.0,4,send messages,400
Skype,2.0,5,super slow,400
Skype,2.0,6,sending messages,400
Skype,2.0,7,messages doesn,400
Skype,2.0,8,notifications messages,400
Skype,2.0,9,group chat,400
Skype,2.0,10,slow buggy,400
Skype,3.0,1,doesn work,800
Skype,3.0,2,skype credit,500
Skype,3.0,3,locked unlock,400
Skype,3.0,4,sometimes doesn,400
Skype,3.0,5,video call,400
Skype,3.0,6,bye skype,300
Skype,3.0,7,good bye,300
Skype,3.0,8,sound quality,300
Skype,3.0,9,video chat,300
Skype,3.0,10,doesn show,300
Skype,4.0,1,pretty good,1300
Skype,4.0,2,good quality,800
Skype,4.0,3,good sometimes,700
Skype,4.0,4,video calls,700
Skype,4.0,5,skype good,700
Skype,4.0,6,good easy,600
Skype,4.0,7,video calling,600
Skype,4.0,8,good video,600
Skype,4.0,9,good call,500
Skype,4.0,10,video call,500
Skype,5.0,1,love skype,8100
Skype,5.0,2,miss skype,6200
Skype,5.0,3,rip skype,5800
Skype,5.0,4,goodbye skype,5100
Skype,5.0,5,best ever,4600
Skype,5.0,6,bye skype,4300
Skype,5.0,7,skype best,4200
Skype,5.0,8,video call,3800
Skype,5.0,9,good bye,3700
Skype,5.0,10,skype good,3600
Snapchat,,1,something went,200
Snapchat,,2,discover page,200
Snapchat,,3,close deleting,200
Snapchat,,4,security restriction,200
Snapchat,,5,m close,200
Snapchat,,6,went wrong,200
Snapchat,,7,page forcing,100
Snapchat,,8,snooze keeps,100
Snapchat,,9,restriction single,100
Snapchat,,10,quality left,100
Snapchat,1.0,1,pay memories,3100
Snapchat,1.0,2,us pay,2200
Snapchat,1.0,3,wide angle,2200
Snapchat,1.0,4,snap chat,2100
Snapchat,1.0,5,worst ever,2000
Snapchat,1.0,6,pay storage,1800
Snapchat,1.0,7,public profile,1700
Snapchat,1.0,8,social media,1700
Snapchat,1.0,9,ultra wide,1700
Snapchat,1.0,10,save memories,1600
Snapchat,2.0,1,wide angle,800
Snapchat,2.0,2,snap chat,500
Snapchat,2.0,3,won let,400
Snapchat,2.0,4,doesn work,400
Snapchat,2.0,5,camera roll,400
Snapchat,2.0,6,m able,400
Snapchat,2.0,7,ultra wide,400
Snapchat,2.0,8,snap plus,300
Snapchat,2.0,9,love snapchat,300
Snapchat,2.0,10,wide camera,300
Snapchat,3.0,1,wide angle,1700
Snapchat,3.0,2,give wide,800
Snapchat,3.0,3,angle camera,600
Snapchat,3.0,4,snap chat,600
Snapchat,3.0,5,ultra wide,600
Snapchat,3.0,6,ok ok,500
Snapchat,3.0,7,video video,500
Snapchat,3.0,8,soon possible,500
Snapchat,3.0,9,pay storage,400
Snapchat,3.0,10,snapchat plus,400
Snapchat,4.0,1,wide angle,2100
Snapchat,4.0,2,give wide,700
Snapchat,4.0,3,ultra wide,700
Snapchat,4.0,4,snap chat,700
Snapchat,4.0,5,love snapchat,600
Snapchat,4.0,6,pretty good,500
Snapchat,4.0,7,love filters,500
Snapchat,4.0,8,good love,500
Snapchat,4.0,9,good like,500
Snapchat,4.0,10,filters good,400
Snapchat,5.0,1,love snapchat,6500
Snapchat,5.0,2,best ever,4400
Snapchat,5.0,3,wide angle,4100
Snapchat,5.0,4,snap chat,3800
Snapchat,5.0,5,give wide,3100
Snapchat,5.0,6,friends family,2800
Snapchat,5.0,7,talk friends,2700
Snapchat,5.0,8,chat friends,2600
Snapchat,5.0,9,social media,2600
Snapchat,5.0,10,give wideangle,2500
Spotify,,1,add playlist,700
Spotify,,2,smart shuffle,700
Spotify,,3,song playlist,600
Spotify,,4,listen music,500
Spotify,,5,add song,500
Spotify,,6,spotify premium,400
Spotify,,7,liked songs,400
Spotify,,8,adding songs,400
Spotify,,9,ads every,400
Spotify,,10,premium feature,300
Spotify,1.0,1,listen music,7000
Spotify,1.0,2,buy premium,6300
Spotify,1.0,3,choose song,5900
Spotify,1.0,4,without premium,5900
Spotify,1.0,5,listen songs,5200
Spotify,1.0,6,every song,4400
Spotify,1.0,7,song listen,4300
Spotify,1.0,8,ads every,4300
Spotify,1.0,9,worst music,4300
Spotify,1.0,10,ice ads,4300
Spotify,2.0,1,songs playlist,2100
Spotify,2.0,2,add song,1900
Spotify,2.0,3,buy premium,1800
Spotify,2.0,4,listen music,1600
Spotify,2.0,5,song playlist,1500
Spotify,2.0,6,pick song,1500
Spotify,2.0,7,liked songs,1200
Spotify,2.0,8,listening music,1200
Spotify,2.0,9,playlist search,1000
Spotify,2.0,10,love spotify,1000
Spotify,3.0,1,listen music,1500
Spotify,3.0,2,songs playlist,1400
Spotify,3.0,3,add songs,1100
Spotify,3.0,4,every songs,1100
Spotify,3.0,5,liked songs,1000
Spotify,3.0,6,choose songs,800
Spotify,3.0,7,without premium,800
Spotify,3.0,8,love spotify,800
Spotify,3.0,9,listen songs,700
Spotify,3.0,10,buy premium,700
Spotify,4.0,1,love spotify,1600
Spotify,4.0,2,best music,1500
Spotify,4.0,3,good music,1400
Spotify,4.0,4,great music,1300
Spotify,4.0,5,pretty good,1100
Spotify,4.0,6,without premium,1000
Spotify,4.0,7,good experience,900
Spotify,4.0,8,listen music,900
Spotify,4.0,9,smart shuffle,800
Spotify,4.0,10,spotify premium,800
Spotify,5.0,1,best music,23600
Spotify,5.0,2,love spotify,10500
Spotify,5.0,3,great music,7200
Spotify,5.0,4,good music,5900
Spotify,5.0,5,best ever,5700
Spotify,5.0,6,listen music,5500
Spotify,5.0,7,listening music,4200
Spotify,5.0,8,love music,4100
Spotify,5.0,9,music ever,4000
Spotify,5.0,10,worst worst,4000
Subway%20Surfers,,1,subway surfers,500
Subway%20Surfers,,2,apne avatars,100
Subway%20Surfers,,3,final acrobatics,100
Subway%20Surfers,,4,experienced game,100
Subway%20Surfers,,5,simple swipe,100
Subway%20Surfers,,6,yeh game,100
Subway%20Surfers,,7,team ve,100
Subway%20Surfers,,8,characters unlock,100
Subway%20Surfers,,9,loop simple,100
Subway%20Surfers,,10,ive recently,100
Subway%20Surfers,1.0,1,good game,2000
Subway%20Surfers,1.0,2,subway surfers,1800
Subway%20Surfers,1.0,3,high score,1600
Subway%20Surfers,1.0,4,bad game,1600
Subway%20Surfers,1.0,5,watch ad,1300
Subway%20Surfers,1.0,6,lost progress,1200
Subway%20Surfers,1.0,7,playing game,1000
Subway%20Surfers,1.0,8,watch ads,800
Subway%20Surfers,1.0,9,new game,700
Subway%20Surfers,1.0,10,game good,600
Subway%20Surfers,2.0,1,subway surfers,800
Subway%20Surfers,2.0,2,like game,700
Subway%20Surfers,2.0,3,good game,600
Subway%20Surfers,2.0,4,love game,500
Subway%20Surfers,2.0,5,high score,400
Subway%20Surfers,2.0,6,game ve,400
Subway%20Surfers,2.0,7,nice game,300
Subway%20Surfers,2.0,8,fun game,300
Subway%20Surfers,2.0,9,restore progress,300
Subway%20Surfers,2.0,10,ads ads,300
Subway%20Surfers,3.0,1,good game,2900
Subway%20Surfers,3.0,2,love game,1100
Subway%20Surfers,3.0,3,subway surfers,1100
Subway%20Surfers,3.0,4,game good,900
Subway%20Surfers,3.0,5,nice game,900
Subway%20Surfers,3.0,6,like game,700
Subway%20Surfers,3.0,7,watch ads,500
Subway%20Surfers,3.0,8,best game,500
Subway%20Surfers,3.0,9,game like,500
Subway%20Surfers,3.0,10,fun game,500
Subway%20Surfers,4.0,1,good game,7700
Subway%20Surfers,4.0,2,nice game,4900
Subway%20Surfers,4.0,3,love game,4300
Subway%20Surfers,4.0,4,game good,3600
Subway%20Surfers,4.0,5,subway surfers,3100
Subway%20Surfers,4.0,6,best game,3000
Subway%20Surfers,4.0,7,game fun,2000
Subway%20Surfers,4.0,8,great game,1900
Subway%20Surfers,4.0,9,like game,1800
Subway%20Surfers,4.0,10,game like,1600
Subway%20Surfers,5.0,1,good game,59100
Subway%20Surfers,5.0,2,best game,57400
Subway%20Surfers,5.0,3,love game,48300
Subway%20Surfers,5.0,4,nice game,40000
Subway%20Surfers,5.0,5,subway surfers,29600
Subway%20Surfers,5.0,6,game ever,26600
Subway%20Surfers,5.0,7,game good,17400
Subway%20Surfers,5.0,8,like game,15900
Subway%20Surfers,5.0,9,game fun,12400
Subway%20Surfers,5.0,10,game love,12300
TikTok,,1,tiktok team,400
TikTok,,2,hello tiktok,300
TikTok,,3,community guidelines,300
TikTok,,4,doesn work,300
TikTok,,5,interested live,200
TikTok,,6,violate community,200
TikTok,,7,social media,200
TikTok,,8,interested videos,200
TikTok,,9,tik tok,200
TikTok,,10,videos see,200
TikTok,1.0,1,tik tok,8700
TikTok,1.0,2,tiktok team,4700
TikTok,1.0,3,community guidelines,3300
TikTok,1.0,4,banned reason,2500
TikTok,1.0,5,doesn work,2100
TikTok,1.0,6,go live,2100
TikTok,1.0,7,dear tiktok,1900
TikTok,1.0,8,won let,1900
TikTok,1.0,9,tiktok shop,1700
TikTok,1.0,10,hello tiktok,1400
TikTok,2.0,1,tik tok,3200
TikTok,2.0,2,tiktok team,2100
TikTok,2.0,3,dear tiktok,1100
TikTok,2.0,4,hello tiktok,1100
TikTok,2.0,5,community guidelines,700
TikTok,2.0,6,good videos,700
TikTok,2.0,7,tok team,700
TikTok,2.0,8,hello tik,600
TikTok,2.0,9,unfreeze tiktok,600
TikTok,2.0,10,won let,600
TikTok,3.0,1,tik tok,2700
TikTok,3.0,2,doesn work,900
TikTok,3.0,3,won let,800
TikTok,3.0,4,tiktok team,700
TikTok,3.0,5,tok team,600
TikTok,3.0,6,love tiktok,500
TikTok,3.0,7,repost button,500
TikTok,3.0,8,tiktok shop,500
TikTok,3.0,9,tiktok username,400
TikTok,3.0,10,force stop,400
TikTok,4.0,1,tik tok,2400
TikTok,4.0,2,love tiktok,700
TikTok,4.0,3,tiktok team,700
TikTok,4.0,4,dear tiktok,600
TikTok,4.0,5,tiktok nice,500
TikTok,4.0,6,tiktok support,400
TikTok,4.0,7,great experience,400
TikTok,4.0,8,love tik,400
TikTok,4.0,9,pretty good,400
TikTok,4.0,10,sound video,400
TikTok,5.0,1,tik tok,20400
TikTok,5.0,2,tiktok team,11000
TikTok,5.0,3,love tiktok,10600
TikTok,5.0,4,hello tiktok,4600
TikTok,5.0,5,best ever,3700
TikTok,5.0,6,tiktok best,3700
TikTok,5.0,7,viral video,3700
TikTok,5.0,8,dear tiktok,3200
TikTok,5.0,9,social media,2400
TikTok,5.0,10,tiktok live,2400
Twitter,,1,post pictures,300
Twitter,,2,doesn work,300
Twitter,,3,free speech,300
Twitter,,4,looks like,300
Twitter,,5,something wrong,200
Twitter,,6,attestation denied,200
Twitter,,7,playback error,200
Twitter,,8,username password,200
Twitter,,9,turned permissions,200
Twitter,,10,x twitter,200
Twitter,1.0,1,files media,6000
Twitter,1.0,2,elon musk,5700
Twitter,1.0,3,won let,5600
Twitter,1.0,4,post photos,4300
Twitter,1.0,5,doesn work,4100
Twitter,1.0,6,social media,3800
Twitter,1.0,7,post pictures,3800
Twitter,1.0,8,free speech,3700
Twitter,1.0,9,upload photos,3700
Twitter,1.0,10,photos videos,3200
Twitter,2.0,1,files media,1600
Twitter,2.0,2,media permission,1300
Twitter,2.0,3,photos videos,1000
Twitter,2.0,4,upload photos,900
Twitter,2.0,5,won let,900
Twitter,2.0,6,upload pictures,800
Twitter,2.0,7,post photos,700
Twitter,2.0,8,post pictures,600
Twitter,2.0,9,social media,500
Twitter,2.0,10,post images,500
Twitter,3.0,1,post pictures,700
Twitter,3.0,2,pictures videos,600
Twitter,3.0,3,upload images,500
Twitter,3.0,4,elon musk,500
Twitter,3.0,5,upload photos,500
Twitter,3.0,6,free speech,500
Twitter,3.0,7,media permission,400
Twitter,3.0,8,media files,400
Twitter,3.0,9,post images,400
Twitter,3.0,10,unable post,400
Twitter,4.0,1,social media,900
Twitter,4.0,2,files media,600
Twitter,4.0,3,free speech,600
Twitter,4.0,4,good experience,600
Twitter,4.0,5,freedom speech,600
Twitter,4.0,6,best social,500
Twitter,4.0,7,post photos,500
Twitter,4.0,8,photos videos,500
Twitter,4.0,9,permission media,500
Twitter,4.0,10,media files,400
Twitter,5.0,1,social media,13800
Twitter,5.0,2,free speech,7800
Twitter,5.0,3,best social,6700
Twitter,5.0,4,elon musk,5900
Twitter,5.0,5,love x,4600
Twitter,5.0,6,best ever,3600
Twitter,5.0,7,x best,3100
Twitter,5.0,8,freedom speech,2600
Twitter,5.0,9,best news,2600
Twitter,5.0,10,real news,2300
Viber,,1,activation failed,400
Viber,,2,status icon,300
Viber,,3,new messages,300
Viber,,4,activation code,300
Viber,,5,sync contacts,300
Viber,,6,last seen,200
Viber,,7,check viber,200
Viber,,8,viber status,200
Viber,,9,deleted viber,200
Viber,,10,viber icon,200
Viber,1.0,1,activation failed,8800
Viber,1.0,2,doesn work,4900
Viber,1.0,3,activate viber,3700
Viber,1.0,4,receive call,3400
Viber,1.0,5,viber call,3400
Viber,1.0,6,activation code,3300
Viber,1.0,7,number blocked,3100
Viber,1.0,8,viber plus,2900
Viber,1.0,9,viber support,2800
Viber,1.0,10,customer service,2600
Viber,2.0,1,activation failed,1500
Viber,2.0,2,doesn work,1300
Viber,2.0,3,last digits,900
Viber,2.0,4,call quality,700
Viber,2.0,5,receive call,700
Viber,2.0,6,viber plus,700
Viber,2.0,7,invisible mode,600
Viber,2.0,8,incoming call,600
Viber,2.0,9,chat history,500
Viber,2.0,10,messages calls,500
Viber,3.0,1,viber plus,800
Viber,3.0,2,activation failed,800
Viber,3.0,3,activation code,700
Viber,3.0,4,video call,600
Viber,3.0,5,viber call,500
Viber,3.0,6,viber add,400
Viber,3.0,7,status icon,400
Viber,3.0,8,viber status,400
Viber,3.0,9,doesn work,400
Viber,3.0,10,last digits,400
Viber,4.0,1,viber plus,700
Viber,4.0,2,call quality,600
Viber,4.0,3,video call,600
Viber,4.0,4,send messages,600
Viber,4.0,5,viber good,500
Viber,4.0,6,good communication,500
Viber,4.0,7,family friends,400
Viber,4.0,8,activation failed,400
Viber,4.0,9,good viber,400
Viber,4.0,10,video calls,400
Viber,5.0,1,love viber,3300
Viber,5.0,2,video calls,2700
Viber,5.0,3,good viber,2400
Viber,5.0,4,support team,2400
Viber,5.0,5,like viber,2300
Viber,5.0,6,good good,1900
Viber,5.0,7,customer service,1800
Viber,5.0,8,viber good,1700
Viber,5.0,9,friends family,1600
Viber,5.0,10,activation failed,1600
WhatsApp,,1,policies guidelines,400
WhatsApp,,2,happened mistake,400
WhatsApp,,3,may happened,400
WhatsApp,,4,believe may,400
WhatsApp,,5,communication support,300
WhatsApp,,6,longer believe,300
WhatsApp,,7,dear team,300
WhatsApp,,8,important communication,300
WhatsApp,,9,support regards,300
WhatsApp,,10,team banned,300
WhatsApp,1.0,1,due spam,2500
WhatsApp,1.0,2,without reason,1900
WhatsApp,1.0,3,banned reason,1400
WhatsApp,1.0,4,support team,1300
WhatsApp,1.0,5,verification code,1300
WhatsApp,1.0,6,video call,1300
WhatsApp,1.0,7,need official,1300
WhatsApp,1.0,8,raha hai,1200
WhatsApp,1.0,9,soon possible,1200
WhatsApp,1.0,10,doesn work,1200
WhatsApp,2.0,1,video call,600
WhatsApp,2.0,2,due spam,600
WhatsApp,2.0,3,longer due,400
WhatsApp,2.0,4,voice note,400
WhatsApp,2.0,5,normal call,400
WhatsApp,2.0,6,call call,300
WhatsApp,2.0,7,video calls,300
WhatsApp,2.0,8,telling official,200
WhatsApp,2.0,9,images shows,200
WhatsApp,2.0,10,contact list,200
WhatsApp,3.0,1,video call,800
WhatsApp,3.0,2,add option,400
WhatsApp,3.0,3,video calls,400
WhatsApp,3.0,4,group chat,300
WhatsApp,3.0,5,verification code,300
WhatsApp,3.0,6,add feature,300
WhatsApp,3.0,7,voice note,300
WhatsApp,3.0,8,lock system,300
WhatsApp,3.0,9,multiple contacts,300
WhatsApp,3.0,10,new features,300
WhatsApp,4.0,1,video call,600
WhatsApp,4.0,2,feature like,400
WhatsApp,4.0,3,good good,400
WhatsApp,4.0,4,videos status,300
WhatsApp,4.0,5,best chatting,300
WhatsApp,4.0,6,good service,300
WhatsApp,4.0,7,nice nice,300
WhatsApp,4.0,8,friends family,300
WhatsApp,4.0,9,best ever,300
WhatsApp,4.0,10,group chats,300
WhatsApp,5.0,1,best ever,4600
WhatsApp,5.0,2,video call,2500
WhatsApp,5.0,3,best communication,2500
WhatsApp,5.0,4,family friends,2300
WhatsApp,5.0,5,friends family,2200
WhatsApp,5.0,6,fast reliable,2000
WhatsApp,5.0,7,video calls,1700
WhatsApp,5.0,8,good service,1500
WhatsApp,5.0,9,raha hai,1400
WhatsApp,5.0,10,good experience,1300
